{
  "project_info": {
    "project_number": "578677972534",
    "project_id": "tutgo-train-tracker",
    "storage_bucket": "tutgo-train-tracker.firebasestorage.app"
  },
  "client": [
    {
      "client_info": {
        "mobilesdk_app_id": "1:578677972534:android:1a9858b7ccd0389e6ac297",
        "android_client_info": {
          "package_name": "com.example.tutgo"
        }
      },
      "oauth_client": [],
      "api_key": [
        {
          "current_key": "AIzaSyCMsxj4v0-OU5_IT8SlJfm4Dbw4apCaoiI"
        }
      ],
      "services": {
        "appinvite_service": {
          "other_platform_oauth_client": []
        }
      }
    }
  ],
  "configuration_version": "1"
}